{"paths": {"admin/js/vendor/select2/i18n/af.js": "admin\\js\\vendor\\select2\\i18n\\af.4f6fcd73488c.js", "admin/js/vendor/select2/i18n/ar.js": "admin\\js\\vendor\\select2\\i18n\\ar.65aa8e36bf5d.js", "admin/js/vendor/select2/i18n/az.js": "admin\\js\\vendor\\select2\\i18n\\az.270c257daf81.js", "admin/js/vendor/select2/i18n/bg.js": "admin\\js\\vendor\\select2\\i18n\\bg.39b8be30d4f0.js", "admin/js/vendor/select2/i18n/bn.js": "admin\\js\\vendor\\select2\\i18n\\bn.6d42b4dd5665.js", "admin/js/vendor/select2/i18n/bs.js": "admin\\js\\vendor\\select2\\i18n\\bs.91624382358e.js", "admin/js/vendor/select2/i18n/ca.js": "admin\\js\\vendor\\select2\\i18n\\ca.a166b745933a.js", "admin/js/vendor/select2/i18n/cs.js": "admin\\js\\vendor\\select2\\i18n\\cs.4f43e8e7d33a.js", "admin/js/vendor/select2/i18n/da.js": "admin\\js\\vendor\\select2\\i18n\\da.766346afe4dd.js", "admin/js/vendor/select2/i18n/de.js": "admin\\js\\vendor\\select2\\i18n\\de.8a1c222b0204.js", "admin/js/vendor/select2/i18n/dsb.js": "admin\\js\\vendor\\select2\\i18n\\dsb.56372c92d2f1.js", "admin/js/vendor/select2/i18n/el.js": "admin\\js\\vendor\\select2\\i18n\\el.27097f071856.js", "admin/js/vendor/select2/i18n/en.js": "admin\\js\\vendor\\select2\\i18n\\en.cf932ba09a98.js", "admin/js/vendor/select2/i18n/es.js": "admin\\js\\vendor\\select2\\i18n\\es.66dbc2652fb1.js", "admin/js/vendor/select2/i18n/et.js": "admin\\js\\vendor\\select2\\i18n\\et.2b96fd98289d.js", "admin/js/vendor/select2/i18n/eu.js": "admin\\js\\vendor\\select2\\i18n\\eu.adfe5c97b72c.js", "admin/js/vendor/select2/i18n/fa.js": "admin\\js\\vendor\\select2\\i18n\\fa.3b5bd1961cfd.js", "admin/js/vendor/select2/i18n/fi.js": "admin\\js\\vendor\\select2\\i18n\\fi.614ec42aa9ba.js", "admin/js/vendor/select2/i18n/fr.js": "admin\\js\\vendor\\select2\\i18n\\fr.05e0542fcfe6.js", "admin/js/vendor/select2/i18n/gl.js": "admin\\js\\vendor\\select2\\i18n\\gl.d99b1fedaa86.js", "admin/js/vendor/select2/i18n/he.js": "admin\\js\\vendor\\select2\\i18n\\he.e420ff6cd3ed.js", "admin/js/vendor/select2/i18n/hi.js": "admin\\js\\vendor\\select2\\i18n\\hi.70640d41628f.js", "admin/js/vendor/select2/i18n/hr.js": "admin\\js\\vendor\\select2\\i18n\\hr.a2b092cc1147.js", "admin/js/vendor/select2/i18n/hsb.js": "admin\\js\\vendor\\select2\\i18n\\hsb.fa3b55265efe.js", "admin/js/vendor/select2/i18n/hu.js": "admin\\js\\vendor\\select2\\i18n\\hu.6ec6039cb8a3.js", "admin/js/vendor/select2/i18n/hy.js": "admin\\js\\vendor\\select2\\i18n\\hy.c7babaeef5a6.js", "admin/js/vendor/select2/i18n/id.js": "admin\\js\\vendor\\select2\\i18n\\id.04debded514d.js", "admin/js/vendor/select2/i18n/is.js": "admin\\js\\vendor\\select2\\i18n\\is.3ddd9a6a97e9.js", "admin/js/vendor/select2/i18n/it.js": "admin\\js\\vendor\\select2\\i18n\\it.be4fe8d365b5.js", "admin/js/vendor/select2/i18n/ja.js": "admin\\js\\vendor\\select2\\i18n\\ja.170ae885d74f.js", "admin/js/vendor/select2/i18n/ka.js": "admin\\js\\vendor\\select2\\i18n\\ka.2083264a54f0.js", "admin/js/vendor/select2/i18n/km.js": "admin\\js\\vendor\\select2\\i18n\\km.c23089cb06ca.js", "admin/js/vendor/select2/i18n/ko.js": "admin\\js\\vendor\\select2\\i18n\\ko.e7be6c20e673.js", "admin/js/vendor/select2/i18n/lt.js": "admin\\js\\vendor\\select2\\i18n\\lt.23c7ce903300.js", "admin/js/vendor/select2/i18n/lv.js": "admin\\js\\vendor\\select2\\i18n\\lv.08e62128eac1.js", "admin/js/vendor/select2/i18n/mk.js": "admin\\js\\vendor\\select2\\i18n\\mk.dabbb9087130.js", "admin/js/vendor/select2/i18n/ms.js": "admin\\js\\vendor\\select2\\i18n\\ms.4ba82c9a51ce.js", "admin/js/vendor/select2/i18n/nb.js": "admin\\js\\vendor\\select2\\i18n\\nb.da2fce143f27.js", "admin/js/vendor/select2/i18n/ne.js": "admin\\js\\vendor\\select2\\i18n\\ne.3d79fd3f08db.js", "admin/js/vendor/select2/i18n/nl.js": "admin\\js\\vendor\\select2\\i18n\\nl.997868a37ed8.js", "admin/js/vendor/select2/i18n/pl.js": "admin\\js\\vendor\\select2\\i18n\\pl.6031b4f16452.js", "admin/js/vendor/select2/i18n/ps.js": "admin\\js\\vendor\\select2\\i18n\\ps.38dfa47af9e0.js", "admin/js/vendor/select2/i18n/pt-BR.js": "admin\\js\\vendor\\select2\\i18n\\pt-BR.e1b294433e7f.js", "admin/js/vendor/select2/i18n/pt.js": "admin\\js\\vendor\\select2\\i18n\\pt.33b4a3b44d43.js", "admin/js/vendor/select2/i18n/ro.js": "admin\\js\\vendor\\select2\\i18n\\ro.f75cb460ec3b.js", "admin/js/vendor/select2/i18n/ru.js": "admin\\js\\vendor\\select2\\i18n\\ru.934aa95f5b5f.js", "admin/js/vendor/select2/i18n/sk.js": "admin\\js\\vendor\\select2\\i18n\\sk.33d02cef8d11.js", "admin/js/vendor/select2/i18n/sl.js": "admin\\js\\vendor\\select2\\i18n\\sl.131a78bc0752.js", "admin/js/vendor/select2/i18n/sq.js": "admin\\js\\vendor\\select2\\i18n\\sq.5636b60d29c9.js", "admin/js/vendor/select2/i18n/sr-Cyrl.js": "admin\\js\\vendor\\select2\\i18n\\sr-Cyrl.f254bb8c4c7c.js", "admin/js/vendor/select2/i18n/sr.js": "admin\\js\\vendor\\select2\\i18n\\sr.5ed85a48f483.js", "admin/js/vendor/select2/i18n/sv.js": "admin\\js\\vendor\\select2\\i18n\\sv.7a9c2f71e777.js", "admin/js/vendor/select2/i18n/th.js": "admin\\js\\vendor\\select2\\i18n\\th.f38c20b0221b.js", "admin/js/vendor/select2/i18n/tk.js": "admin\\js\\vendor\\select2\\i18n\\tk.7c572a68c78f.js", "admin/js/vendor/select2/i18n/tr.js": "admin\\js\\vendor\\select2\\i18n\\tr.b5a0643d1545.js", "admin/js/vendor/select2/i18n/uk.js": "admin\\js\\vendor\\select2\\i18n\\uk.8cede7f4803c.js", "admin/js/vendor/select2/i18n/vi.js": "admin\\js\\vendor\\select2\\i18n\\vi.097a5b75b3e1.js", "admin/js/vendor/select2/i18n/zh-CN.js": "admin\\js\\vendor\\select2\\i18n\\zh-CN.2cff662ec5f9.js", "admin/js/vendor/select2/i18n/zh-TW.js": "admin\\js\\vendor\\select2\\i18n\\zh-TW.04554a227c2b.js", "assets/vendor/bootstrap/css/bootstrap-grid.css": "assets/vendor/bootstrap/css/bootstrap-grid.1792196c3e36.css", "assets/vendor/bootstrap/css/bootstrap-grid.css.map": "assets\\vendor\\bootstrap\\css\\bootstrap-grid.css.2a42cdf9878b.map", "assets/vendor/bootstrap/css/bootstrap-grid.min.css": "assets/vendor/bootstrap/css/bootstrap-grid.min.c7188b04e91a.css", "assets/vendor/bootstrap/css/bootstrap-grid.min.css.map": "assets\\vendor\\bootstrap\\css\\bootstrap-grid.min.css.5033801e4e64.map", "assets/vendor/bootstrap/css/bootstrap-grid.rtl.css": "assets/vendor/bootstrap/css/bootstrap-grid.rtl.fa93db56dd6a.css", "assets/vendor/bootstrap/css/bootstrap-grid.rtl.css.map": "assets\\vendor\\bootstrap\\css\\bootstrap-grid.rtl.css.f7758261ea17.map", "assets/vendor/bootstrap/css/bootstrap-grid.rtl.min.css": "assets/vendor/bootstrap/css/bootstrap-grid.rtl.min.33b749b6e57a.css", "assets/vendor/bootstrap/css/bootstrap-grid.rtl.min.css.map": "assets\\vendor\\bootstrap\\css\\bootstrap-grid.rtl.min.css.eca89337ccda.map", "assets/vendor/bootstrap/css/bootstrap-reboot.css": "assets/vendor/bootstrap/css/bootstrap-reboot.b7a09df23265.css", "assets/vendor/bootstrap/css/bootstrap-reboot.css.map": "assets\\vendor\\bootstrap\\css\\bootstrap-reboot.css.63fd0e057b71.map", "assets/vendor/bootstrap/css/bootstrap-reboot.min.css": "assets/vendor/bootstrap/css/bootstrap-reboot.min.907e98efb4b3.css", "assets/vendor/bootstrap/css/bootstrap-reboot.min.css.map": "assets\\vendor\\bootstrap\\css\\bootstrap-reboot.min.css.3714b1749fff.map", "assets/vendor/bootstrap/css/bootstrap-reboot.rtl.css": "assets/vendor/bootstrap/css/bootstrap-reboot.rtl.420bfbc02276.css", "assets/vendor/bootstrap/css/bootstrap-reboot.rtl.css.map": "assets\\vendor\\bootstrap\\css\\bootstrap-reboot.rtl.css.d59916684739.map", "assets/vendor/bootstrap/css/bootstrap-reboot.rtl.min.css": "assets/vendor/bootstrap/css/bootstrap-reboot.rtl.min.7a858bf1b273.css", "assets/vendor/bootstrap/css/bootstrap-reboot.rtl.min.css.map": "assets\\vendor\\bootstrap\\css\\bootstrap-reboot.rtl.min.css.ac8efa32030f.map", "assets/vendor/bootstrap/css/bootstrap-utilities.css": "assets/vendor/bootstrap/css/bootstrap-utilities.071a719df86f.css", "assets/vendor/bootstrap/css/bootstrap-utilities.css.map": "assets\\vendor\\bootstrap\\css\\bootstrap-utilities.css.92fa166812c2.map", "assets/vendor/bootstrap/css/bootstrap-utilities.min.css": "assets/vendor/bootstrap/css/bootstrap-utilities.min.eddc5d8f1571.css", "assets/vendor/bootstrap/css/bootstrap-utilities.min.css.map": "assets\\vendor\\bootstrap\\css\\bootstrap-utilities.min.css.31b19f6e1084.map", "assets/vendor/bootstrap/css/bootstrap-utilities.rtl.css": "assets/vendor/bootstrap/css/bootstrap-utilities.rtl.6cdd7f944769.css", "assets/vendor/bootstrap/css/bootstrap-utilities.rtl.css.map": "assets\\vendor\\bootstrap\\css\\bootstrap-utilities.rtl.css.9820dc19312b.map", "assets/vendor/bootstrap/css/bootstrap-utilities.rtl.min.css": "assets/vendor/bootstrap/css/bootstrap-utilities.rtl.min.6407a135368e.css", "assets/vendor/bootstrap/css/bootstrap-utilities.rtl.min.css.map": "assets\\vendor\\bootstrap\\css\\bootstrap-utilities.rtl.min.css.fcdb71184817.map", "assets/vendor/bootstrap/css/bootstrap.css": "assets/vendor/bootstrap/css/bootstrap.a9da63638997.css", "assets/vendor/bootstrap/css/bootstrap.css.map": "assets\\vendor\\bootstrap\\css\\bootstrap.css.85e996371c14.map", "assets/vendor/bootstrap/css/bootstrap.min.css": "assets/vendor/bootstrap/css/bootstrap.min.f1a8fe9e9894.css", "assets/vendor/bootstrap/css/bootstrap.min.css.map": "assets\\vendor\\bootstrap\\css\\bootstrap.min.css.ee6a9676e6bf.map", "assets/vendor/bootstrap/css/bootstrap.rtl.css": "assets/vendor/bootstrap/css/bootstrap.rtl.a84b3aed51ba.css", "assets/vendor/bootstrap/css/bootstrap.rtl.css.map": "assets\\vendor\\bootstrap\\css\\bootstrap.rtl.css.63d4f786b9bb.map", "assets/vendor/bootstrap/css/bootstrap.rtl.min.css": "assets/vendor/bootstrap/css/bootstrap.rtl.min.7c2cf0755e69.css", "assets/vendor/bootstrap/css/bootstrap.rtl.min.css.map": "assets\\vendor\\bootstrap\\css\\bootstrap.rtl.min.css.162c7666138a.map", "assets/vendor/bootstrap/js/bootstrap.bundle.js": "assets\\vendor\\bootstrap\\js\\bootstrap.bundle.7e8519633472.js", "assets/vendor/bootstrap/js/bootstrap.bundle.js.map": "assets\\vendor\\bootstrap\\js\\bootstrap.bundle.js.b47bd611460f.map", "assets/vendor/bootstrap/js/bootstrap.bundle.min.js": "assets\\vendor\\bootstrap\\js\\bootstrap.bundle.min.2faceb2d3db7.js", "assets/vendor/bootstrap/js/bootstrap.bundle.min.js.map": "assets\\vendor\\bootstrap\\js\\bootstrap.bundle.min.js.b909ea672c19.map", "assets/vendor/bootstrap/js/bootstrap.esm.js": "assets\\vendor\\bootstrap\\js\\bootstrap.esm.9c352cac9060.js", "assets/vendor/bootstrap/js/bootstrap.esm.js.map": "assets\\vendor\\bootstrap\\js\\bootstrap.esm.js.2cbe342ea061.map", "assets/vendor/bootstrap/js/bootstrap.esm.min.js": "assets\\vendor\\bootstrap\\js\\bootstrap.esm.min.5d670d7cb9d1.js", "assets/vendor/bootstrap/js/bootstrap.esm.min.js.map": "assets\\vendor\\bootstrap\\js\\bootstrap.esm.min.js.457999f06424.map", "assets/vendor/bootstrap/js/bootstrap.js": "assets\\vendor\\bootstrap\\js\\bootstrap.7b232ff849ea.js", "assets/vendor/bootstrap/js/bootstrap.js.map": "assets\\vendor\\bootstrap\\js\\bootstrap.js.04903112c72e.map", "assets/vendor/bootstrap/js/bootstrap.min.js": "assets\\vendor\\bootstrap\\js\\bootstrap.min.e6f488c5766f.js", "assets/vendor/bootstrap/js/bootstrap.min.js.map": "assets\\vendor\\bootstrap\\js\\bootstrap.min.js.f561ca19ffde.map", "assets/vendor/bootstrap-icons/fonts/bootstrap-icons.woff": "assets\\vendor\\bootstrap-icons\\fonts\\bootstrap-icons.be6df3f0c985.woff", "assets/vendor/bootstrap-icons/fonts/bootstrap-icons.woff2": "assets\\vendor\\bootstrap-icons\\fonts\\bootstrap-icons.31e1300d4192.woff2", "assets/vendor/glightbox/css/glightbox.css": "assets/vendor/glightbox/css/glightbox.76e8ba51c713.css", "assets/vendor/glightbox/css/glightbox.min.css": "assets/vendor/glightbox/css/glightbox.min.9b438b29cef1.css", "assets/vendor/glightbox/css/plyr.css": "assets/vendor/glightbox/css/plyr.a39f7b91915f.css", "assets/vendor/glightbox/css/plyr.min.css": "assets/vendor/glightbox/css/plyr.min.72c244ef0688.css", "assets/vendor/glightbox/js/glightbox.js": "assets\\vendor\\glightbox\\js\\glightbox.7bafdeb041b5.js", "assets/vendor/glightbox/js/glightbox.min.js": "assets\\vendor\\glightbox\\js\\glightbox.min.2b4c8cbaade2.js", "admin/css/vendor/select2/LICENSE-SELECT2.md": "admin\\css\\vendor\\select2\\LICENSE-SELECT2.f94142512c91.md", "admin/css/vendor/select2/select2.css": "admin/css/vendor/select2/select2.a2194c262648.css", "admin/css/vendor/select2/select2.min.css": "admin/css/vendor/select2/select2.min.9f54e6414f87.css", "admin/js/vendor/jquery/jquery.js": "admin\\js\\vendor\\jquery\\jquery.23c7c5d2d131.js", "admin/js/vendor/jquery/jquery.min.js": "admin\\js\\vendor\\jquery\\jquery.min.dc5e7f18c8d3.js", "admin/js/vendor/jquery/LICENSE.txt": "admin\\js\\vendor\\jquery\\LICENSE.75308107741f.txt", "admin/js/vendor/select2/LICENSE.md": "admin\\js\\vendor\\select2\\LICENSE.f94142512c91.md", "admin/js/vendor/select2/select2.full.js": "admin\\js\\vendor\\select2\\select2.full.c2afdeda3058.js", "admin/js/vendor/select2/select2.full.min.js": "admin\\js\\vendor\\select2\\select2.full.min.fcd7500d8e13.js", "admin/js/vendor/xregexp/LICENSE.txt": "admin\\js\\vendor\\xregexp\\LICENSE.bf79e414957a.txt", "admin/js/vendor/xregexp/xregexp.js": "admin\\js\\vendor\\xregexp\\xregexp.efda034b9537.js", "admin/js/vendor/xregexp/xregexp.min.js": "admin\\js\\vendor\\xregexp\\xregexp.min.b0439563a5d3.js", "assets/img/chefs/chefs-1.jpg": "assets\\img\\chefs\\chefs-1.aed2568da3a6.jpg", "assets/img/chefs/chefs-2.jpg": "assets\\img\\chefs\\chefs-2.56acdfbda48a.jpg", "assets/img/chefs/chefs-3.jpg": "assets\\img\\chefs\\chefs-3.2b6d43221aaa.jpg", "assets/img/gallery/gallery-1.jpg": "assets\\img\\gallery\\gallery-1.a3a3c0d6eb32.jpg", "assets/img/gallery/gallery-2.jpg": "assets\\img\\gallery\\gallery-2.71984355bb90.jpg", "assets/img/gallery/gallery-3.jpg": "assets\\img\\gallery\\gallery-3.26ad6ab2b629.jpg", "assets/img/gallery/gallery-4.jpg": "assets\\img\\gallery\\gallery-4.088d8151a777.jpg", "assets/img/gallery/gallery-5.jpg": "assets\\img\\gallery\\gallery-5.cc071bf750d6.jpg", "assets/img/gallery/gallery-6.jpg": "assets\\img\\gallery\\gallery-6.667aaeec2e8e.jpg", "assets/img/gallery/gallery-7.jpg": "assets\\img\\gallery\\gallery-7.f293e5f4c99f.jpg", "assets/img/gallery/gallery-8.jpg": "assets\\img\\gallery\\gallery-8.371937d1b76a.jpg", "assets/img/menu/menu-item-1.png": "assets\\img\\menu\\menu-item-1.f14ff2cf389f.png", "assets/img/menu/menu-item-2.png": "assets\\img\\menu\\menu-item-2.240f9fba5ff7.png", "assets/img/menu/menu-item-3.png": "assets\\img\\menu\\menu-item-3.d1cb0689f1a8.png", "assets/img/menu/menu-item-4.png": "assets\\img\\menu\\menu-item-4.14df5ea1fb22.png", "assets/img/menu/menu-item-5.png": "assets\\img\\menu\\menu-item-5.5660c2130b83.png", "assets/img/menu/menu-item-6.png": "assets\\img\\menu\\menu-item-6.f5616715c7bc.png", "assets/img/testimonials/testimonials-1.jpg": "assets\\img\\testimonials\\testimonials-1.2eb96321ab48.jpg", "assets/img/testimonials/testimonials-2.jpg": "assets\\img\\testimonials\\testimonials-2.b6d170186833.jpg", "assets/img/testimonials/testimonials-3.jpg": "assets\\img\\testimonials\\testimonials-3.3d677828b23c.jpg", "assets/img/testimonials/testimonials-4.jpg": "assets\\img\\testimonials\\testimonials-4.08d8679b1e42.jpg", "assets/vendor/aos/aos.css": "assets/vendor/aos/aos.847da8fca806.css", "assets/vendor/aos/aos.js": "assets\\vendor\\aos\\aos.d3718e34eeb0.js", "assets/vendor/bootstrap-icons/bootstrap-icons.css": "assets/vendor/bootstrap-icons/bootstrap-icons.966e172f3868.css", "assets/vendor/bootstrap-icons/bootstrap-icons.json": "assets\\vendor\\bootstrap-icons\\bootstrap-icons.630e35acba52.json", "assets/vendor/bootstrap-icons/index.html": "assets\\vendor\\bootstrap-icons\\index.22213be8446b.html", "assets/vendor/php-email-form/validate.js": "assets\\vendor\\php-email-form\\validate.225c117f2aa2.js", "assets/vendor/purecounter/purecounter_vanilla.js": "assets\\vendor\\purecounter\\purecounter_vanilla.306b61cceb92.js", "assets/vendor/swiper/swiper-bundle.min.css": "assets/vendor/swiper/swiper-bundle.min.9f19bcd39090.css", "assets/vendor/swiper/swiper-bundle.min.js": "assets\\vendor\\swiper\\swiper-bundle.min.38ef180eaf57.js", "admin/img/gis/move_vertex_off.svg": "admin\\img\\gis\\move_vertex_off.7a23bf31ef8a.svg", "admin/img/gis/move_vertex_on.svg": "admin\\img\\gis\\move_vertex_on.0047eba25b67.svg", "admin/js/admin/DateTimeShortcuts.js": "admin\\js\\admin\\DateTimeShortcuts.5548f99471bf.js", "admin/js/admin/RelatedObjectLookups.js": "admin\\js\\admin\\RelatedObjectLookups.b4d76b6aaf0b.js", "assets/css/main.css": "assets/css/main.c88e98072e9e.css", "assets/img/about-2.jpg": "assets\\img\\about-2.ced02520fa89.jpg", "assets/img/about.jpg": "assets\\img\\about.e56c296aef76.jpg", "assets/img/apple-touch-icon.png": "assets\\img\\apple-touch-icon.b91a7bdab2c4.png", "assets/img/events-1.jpg": "assets\\img\\events-1.31e620ee7a54.jpg", "assets/img/events-2.jpg": "assets\\img\\events-2.5b4f6910391d.jpg", "assets/img/events-3.jpg": "assets\\img\\events-3.4586185e5efd.jpg", "assets/img/favicon.png": "assets\\img\\favicon.b91a7bdab2c4.png", "assets/img/hero-img.png": "assets\\img\\hero-img.f14ff2cf389f.png", "assets/img/reservation.jpg": "assets\\img\\reservation.f2f3023d669c.jpg", "assets/img/stats-bg.jpg": "assets\\img\\stats-bg.be3790538078.jpg", "assets/img/team-shape.svg": "assets\\img\\team-shape.150d9866ae2d.svg", "assets/js/main.js": "assets\\js\\main.b48cb71c3e5c.js", "assets/scss/Readme.txt": "assets\\scss\\Readme.51bf3878340f.txt", "admin/css/autocomplete.css": "admin/css/autocomplete.4a81fc4242d0.css", "admin/css/base.css": "admin/css/base.1f418065fc2c.css", "admin/css/changelists.css": "admin/css/changelists.c70d77c47e69.css", "admin/css/dashboard.css": "admin/css/dashboard.be83f13e4369.css", "admin/css/fonts.css": "admin/css/fonts.168bab448fee.css", "admin/css/forms.css": "admin/css/forms.1d89ec6432f5.css", "admin/css/login.css": "admin/css/login.c35adf41bb6e.css", "admin/css/nav_sidebar.css": "admin/css/nav_sidebar.0fd434145f4d.css", "admin/css/responsive.css": "admin/css/responsive.b128bdf0edef.css", "admin/css/responsive_rtl.css": "admin/css/responsive_rtl.e13ae754cceb.css", "admin/css/rtl.css": "admin/css/rtl.4bc23eb90919.css", "admin/css/widgets.css": "admin/css/widgets.694d845b2cb1.css", "admin/fonts/LICENSE.txt": "admin\\fonts\\LICENSE.d273d63619c9.txt", "admin/fonts/README.txt": "admin\\fonts\\README.ab99e6b541ea.txt", "admin/fonts/Roboto-Bold-webfont.woff": "admin\\fonts\\Roboto-Bold-webfont.50d75e48e0a3.woff", "admin/fonts/Roboto-Light-webfont.woff": "admin\\fonts\\Roboto-Light-webfont.c73eb1ceba33.woff", "admin/fonts/Roboto-Regular-webfont.woff": "admin\\fonts\\Roboto-Regular-webfont.35b07eb2f871.woff", "admin/img/calendar-icons.svg": "admin\\img\\calendar-icons.39b290681a8b.svg", "admin/img/icon-addlink.svg": "admin\\img\\icon-addlink.d519b3bab011.svg", "admin/img/icon-alert.svg": "admin\\img\\icon-alert.034cc7d8a67f.svg", "admin/img/icon-calendar.svg": "admin\\img\\icon-calendar.ac7aea671bea.svg", "admin/img/icon-changelink.svg": "admin\\img\\icon-changelink.18d2fd706348.svg", "admin/img/icon-clock.svg": "admin\\img\\icon-clock.e1d4dfac3f2b.svg", "admin/img/icon-deletelink.svg": "admin\\img\\icon-deletelink.564ef9dc3854.svg", "admin/img/icon-no.svg": "admin\\img\\icon-no.439e821418cd.svg", "admin/img/icon-unknown-alt.svg": "admin\\img\\icon-unknown-alt.81536e128bb6.svg", "admin/img/icon-unknown.svg": "admin\\img\\icon-unknown.a18cb4398978.svg", "admin/img/icon-viewlink.svg": "admin\\img\\icon-viewlink.41eb31f7826e.svg", "admin/img/icon-yes.svg": "admin\\img\\icon-yes.d2f9f035226a.svg", "admin/img/inline-delete.svg": "admin\\img\\inline-delete.fec1b761f254.svg", "admin/img/LICENSE": "admin\\img\\LICENSE.2c54f4e1ca1c", "admin/img/README.txt": "admin\\img\\README.a70711a38d87.txt", "admin/img/search.svg": "admin\\img\\search.7cf54ff789c6.svg", "admin/img/selector-icons.svg": "admin\\img\\selector-icons.b4555096cea2.svg", "admin/img/sorting-icons.svg": "admin\\img\\sorting-icons.3a097b59f104.svg", "admin/img/tooltag-add.svg": "admin\\img\\tooltag-add.e59d620a9742.svg", "admin/img/tooltag-arrowright.svg": "admin\\img\\tooltag-arrowright.bbfb788a849e.svg", "admin/js/actions.js": "admin\\js\\actions.3edba334d0a4.js", "admin/js/autocomplete.js": "admin\\js\\autocomplete.b6b77d0e5906.js", "admin/js/calendar.js": "admin\\js\\calendar.f8a5d055eb33.js", "admin/js/cancel.js": "admin\\js\\cancel.ecc4c5ca7b32.js", "admin/js/change_form.js": "admin\\js\\change_form.9d8ca4f96b75.js", "admin/js/collapse.js": "admin\\js\\collapse.f84e7410290f.js", "admin/js/core.js": "admin\\js\\core.ccd84108ec57.js", "admin/js/inlines.js": "admin\\js\\inlines.7596b7fd289e.js", "admin/js/jquery.init.js": "admin\\js\\jquery.init.b7781a0897fc.js", "admin/js/nav_sidebar.js": "admin\\js\\nav_sidebar.7605597ddf52.js", "admin/js/popup_response.js": "admin\\js\\popup_response.c6cc78ea5551.js", "admin/js/prepopulate.js": "admin\\js\\prepopulate.bd2361dfd64d.js", "admin/js/prepopulate_init.js": "admin\\js\\prepopulate_init.e056047b7a7e.js", "admin/js/SelectBox.js": "admin\\js\\SelectBox.8161741c7647.js", "admin/js/SelectFilter2.js": "admin\\js\\SelectFilter2.d250dcb52a9a.js", "admin/js/urlify.js": "admin\\js\\urlify.25cc3eac8123.js", "img/LOGO_Rosa_S\u00edmbolo do lado.png": "img\\LOGO_Rosa_S\u00edmbolo do lado.5e67b17c27e4.png", "img/verena_previa-4-removebg-preview (2).png": "img\\verena_previa-4-removebg-preview (2).1757bfdef027.png"}, "version": "1.0"}